HP	HP
TCG	TCG
*Orders after 1pm will start processing the next day	*Замовлення після 1pm почнуть обробляти наступного дня
2X2 Cabinet	Шафа 2X2
2nd	2nd
Add Card	Додати картку
Arrow Sign YYY	Вказівник YYY
Ask Price	Запитувана ціна
Automatically opens card packs. Holds up to 128 packs at a time.	Автоматично відкриває набори карток. Одночасно вміщує до 128 наборів.
Automatically opens card packs. Holds up to 32 packs at a time.	Автоматично відкриває набори карток. Одночасно вміщує до 32 наборів.
Automatically opens card packs. Holds up to 64 packs at a time.	Автоматично відкриває набори карток. Одночасно вміщує до 64 наборів.
Box Spawn Limit	Ліміт появи коробок
Bulk Donation Box	Коробка безкоштовних карток
Buy Card	Купити картку
Can only refill with card pack	Можна поповнювати лише наборами карток
Can't side on this side	З цього боку не можна ставити поруч
Can't sit on this side	З цього боку не можна сидіти
Cannot add while machine is running	Не можна додавати, поки машина працює
Card Holder	Тримач для карток
Card Preserver	Захисний кейс для карток
Card Projector	Проєктор карток
Card Projector L	Проєктор карток L
Card Projector M	Проєктор карток M
Card Projector S	Проєктор карток S
Card Projector XL	Проєктор карток XL
Card Trade	Обмін картками
Card Wall Display	Настінна вітрина для карток
Cards Obtained	Отримано карток
Ceiling	Стеля
Ceiling YYY	Стеля YYY
Change Grade	Змінити оцінку
Check Submission Status	Перевірити статус заявки
Choose Turn Order	Вибрати порядок ходів
Collectors Album	Альбом колекціонера
Comes with scanner device designed for stock management	Комплектується сканером для керування запасами
Copy	Копіювати
Cost Highest	Спочатку найдорожчі
Cost Lowest	Спочатку найдешевші
Cost Per Card	Вартість за картку
Crouch	Присісти
Current Page Value	Вартість поточної сторінки
Customer Giving	Клієнт віддає
Customer Selling	Клієнт продає
Customer Want	Клієнт хоче
Customize Your Shop	Налаштуйте свій магазин
DECO	ДЕКОР
DRAW	НІЧИЯ
Deck	Колода
Deck Edit	Редагування колоди
Deck copied successfully	Колоду успішно скопійовано
Deck data copied to clipboard	Дані колоди скопійовано в буфер обміну
Deck data import failed	Не вдалося імпортувати дані колоди
Deck is incomplete	Колода не завершена
Deck pasted successfully	Колоду успішно вставлено
Deco	Декор
Decorate	Декорувати
Delivery in XXX day	Доставка через XXX день
Delivery in XXX days	Доставка через XXX днів
Discard Pile	Скид
Don't have the card customer wanted	Немає картки, яку хоче клієнт
EVO Blazoar Figurine	Фігурка EVO Blazoar
EVO Blazoar Statue	Статуя EVO Blazoar
EVO Kingstar Figurine	Фігурка EVO Kingstar
EVO Kingstar Statue	Статуя EVO Kingstar
End Turn	Завершити хід
EndTurn	Завершити хід
Ends On : 14 October 2025	Завершується: 14 жовтня 2025
Evolution	Еволюція
Export	Експорт
Express	Експрес
Flip	Перевернути
Floor	Підлога
Floor YYY	Підлога YYY
Grade 7	Оцінка 7
Grading	Грейдинг
Grading Time	Час грейдингу
Hold To Crouch	Утримувати для присідання
Hold To Sprint	Утримувати для бігу
How should I set the price?	Яку ціну встановити?
I will refill the machine with these	Я поповню машину цим
Import	Імпорт
In Album	В альбомі
In Storage :	На складі:
Insert Card Pack(s)	Вставте набір(и) карток
Inspect	Оглянути
Leave	Вийти
Let Me Think	Дайте подумати
Level Highest	Спочатку найвищий рівень
Level Lowest	Спочатку найнижчий рівень
Magnetic Holder	Магнітний тримач
Manage	Керувати
Max	Макс.
Max card limit reached	Досягнуто максимальної кількості карток
Minus	Мінус
Most Trusted Grading Service	Найнадійніший сервіс грейдингу
Mulligan	Муліган
Mulligan or keep current hand?	Зробити муліган чи залишити поточну руку?
My little brother said this is the best place to work. I will be a great help, trust me!	Мій молодший брат сказав, що це найкраще місце для роботи. Я точно стану в пригоді, повірте!
Need to copy deck first	Спочатку потрібно скопіювати колоду
New Submission	Нова заявка
No Snap	Без прив’язки
No card available	Немає доступних карток
No card pack in machine	У машині немає наборів карток
No card selected	Картку не вибрано
No deco in inventory	В інвентарі немає декору
No valid selection	Немає допустимого вибору
Not enough card to paste deck	Недостатньо карток, щоб вставити колоду
On Shelf :	На полиці:
Only 4 card duplicates allowed	Дозволено не більше 4 копій однієї картки
Ordering :	Замовлено:
Others	Інше
Owned	У власності
Pack Machine	Машина для відкривання наборів
Paste	Вставити
Penny Sleeves	Базові протектори
Plant YYY	Рослина YYY
Playmat (GigatronX)	Ігровий килимок (GigatronX)
Playmat (Katengu Black)	Ігровий килимок (Katengu, чорний)
Playmat (Katengu White)	Ігровий килимок (Katengu, білий)
Playmat Gray	Сірий ігровий килимок
Playmat Green	Зелений ігровий килимок
Playmat Purple	Фіолетовий ігровий килимок
Playmat Yellow	Жовтий ігровий килимок
Pocket Pages	Сторінки з кишеньками
Poster	Постер
Poster XXX	Постер XXX
Poster YYY	Постер YYY
Posters & Art Prints	Постери та арт-принти
Premium	Преміум
Preorder Here	Передзамовлення тут
Price :	Ціна:
Primary Task	Основне завдання
Purchased	Придбано
Put items on shelf to sell them to your customers. Store up to 4 types of item. Each compartment has volume of 48.	Розміщуйте предмети на полиці, щоб продавати їх клієнтам. Зберігайте до 4 типів предметів. Кожний відсік має об’єм 48.
Put up to 10000 card for customers to take cards for free and make them happy.	Покладіть до 10000 карток, щоб клієнти могли брати їх безкоштовно й ставали задоволенішими.
Put up to 10000 cards for customers to take for free and make them happy!	Покладіть до 10000 карток, щоб клієнти могли брати їх безкоштовно й ставали задоволенішими!
Put your card collection on this shelf for display. This shelf has 36 card slots.	Розмістіть свою колекцію карток на цій полиці для демонстрації. Полиця має 36 слотів для карток.
Put your card collection on this shelf for display. This shelf has 4 card slots.	Розмістіть свою колекцію карток на цій полиці для демонстрації. Полиця має 4 слоти для карток.
Put your card collection on this shelf for display. This shelf has 6 card slots.	Розмістіть свою колекцію карток на цій полиці для демонстрації. Полиця має 6 слотів для карток.
Putting a card in the device will magnify it on the digital screen.	Якщо вставити картку в пристрій, її буде збільшено на цифровому екрані.
Quick Select	Швидкий вибір
Refill Scent	Поповнити ароматизатор
Rematch	Реванш
Remove All	Прибрати все
Round Up	Округлити вгору
Scanner	Сканер
Secondary Task	Додаткове завдання
Secondary Task:	Додаткове завдання:
Select Cards	Виберіть картки
Select Evolution card	Виберіть картку еволюції
Select Service	Виберіть сервіс
Select XXX card	Виберіть XXX картку
Select XXX cards	Виберіть XXX карток
Select up to XXX card	Виберіть до XXX картки
Select up to XXX card to discard.	Виберіть до XXX картки для скидання.
Select up to XXX cards	Виберіть до XXX карток
Select up to XXX cards to discard.	Виберіть до XXX карток для скидання.
Select your target	Виберіть ціль
Shop B	Магазин B
Shop Customization	Налаштування магазину
Slot Available	Вільний слот
Statue	Статуя
Stock Scanner	Сканер запасів
Submission	Заявка
Submit	Надіслати
The Plushies Are Real!?	Плюшеві іграшки справжні!?
The Real Authentication	Справжня автентифікація
The game has already started	Гра вже почалася
There's no one to play with	Немає з ким грати
This machine only accept card packs	Ця машина приймає лише набори карток
Too many boxes, clear some for new boxes to appear	Забагато коробок. Приберіть частину, щоб могли з’явитися нові
Toploader	Топлоадер
Tower Deckbox	Баштовий декбокс
Ungraded	Без оцінки
Update Price By	Змінити ціну на
Wait for all card packs to be processed	Зачекайте, поки всі набори карток буде оброблено
Wall	Стіна
Wall Display Case	Настінна вітрина
Wall YYY	Стіна YYY
What is the task priority?	Який пріоритет завдання?
XXX Day	XXX день
XXX Days	XXX днів
XXX Set YYY	XXX Набір YYY
XXX Statue	Статуя XXX
YOU WIN	ВИ ПЕРЕМОГЛИ
Your Offer	Ваша пропозиція
Card Storage Shelf	Полиця для зберігання карток
Put up to 10000 cards for workers to take and display them for sale.	Покладіть до 10000 карток, щоб працівники могли брати їх і виставляти на продаж.
Restock Card	Поповнити картки
Card Storage Shelf required to restock card	Для поповнення карток потрібна полиця для зберігання карток
Worker Can Sell	Працівник може продавати
Put items on shelf to sell them to your customers. Store up to 4 types of item. Each compartment has volume of 144.	Розміщуйте предмети на полиці, щоб продавати їх клієнтам. Зберігайте до 4 типів предметів. Кожний відсік має об’єм 144.
Corner Shelf	Кутова полиця
Put items on shelf to sell them to your customers. Store up to 8 types of item. Each compartment has volume of 96 or 144.	Розміщуйте предмети на полиці, щоб продавати їх клієнтам. Зберігайте до 8 типів предметів. Кожний відсік має об’єм 96 або 144.
Box Shelf	Полиця для коробок
Tetramon Shelf	Полиця Tetramon
Put items on shelf to sell them to your customers. Store up to 24 types of item. Each compartment has volume of 20.	Розміщуйте предмети на полиці, щоб продавати їх клієнтам. Зберігайте до 24 типів предметів. Кожний відсік має об’єм 20.
Primary Task:	Основне завдання:
Bonus	Бонус
Give Bonus	Дати премію
Wow thank you! I wasn't expecting this at all.	Ого, дякую! Я взагалі цього не очікував!
Nice! I'll try not to spend it all on card packs this time.	Клас! Цього разу постараюся не спустити все на набори карток.
Most generous, boss. I'll consider this a tribute to my impeccable work.	Щедро, босе. Вважатиму це даниною моїй бездоганній роботі.
Finally, someone noticed my brilliance! Thank you boss!	Нарешті хтось помітив мою геніальність! Дякую, босе!
YES, I can eat like a king today. Thanks boss!	ТАК! Сьогодні поїм як король. Дякую, босе!
Bonus received! Morale +10!	Премію отримано! Мораль +10!
Thanks boss! Time to level up my lifestyle.	Дякую, босе! Час прокачати рівень життя.
Ideals are admirable. Profit is practical.	Ідеали гідні поваги. Прибуток — практичніший.
Sweet! That'll cover my rent for the month!	Супер! Цього вистачить на оренду за місяць!
Can only store empty box	Можна зберігати лише порожні коробки
Cannot store package box with this size	Не можна зберігати пакувальну коробку такого розміру
Empty Box Storage	Сховище порожніх коробок
Store or take empty packaging box here. Holds up to 200 empty packaging boxes.	Тут можна зберігати або забирати порожні пакувальні коробки. Вміщує до 200 коробок.
Quick Fill	Швидке заповнення
Table Number	Номер столу
Set table number for the tournament players	Встановіть номер столу для учасників турніру
Auto	Авто
Hmm, where is table XXX?	Хм, де стіл XXX?
Where is table XXX!?	Де стіл XXX?!
I can't find table number XXX.	Не можу знайти стіл номер XXX.
Anyone know where is table XXX?	Хтось знає, де стіл XXX?
Tournament started but where is table XXX? Help!!	Турнір уже почався, але де стіл XXX? Допоможіть!!
There's no table for me to play.	Для мене немає столу для гри.
Table layout here is confusing.	Тут дуже незрозуміле розташування столів.
Cannot remove table number during tournament	Не можна прибрати номер столу під час турніру
Remove table number first	Спочатку приберіть номер столу
Store the tournament's prize here. Store up to 8 cards and 8 types of item. Each compartment has volume of 32.	Зберігайте тут призи турніру. Вміщує до 8 карток і 8 типів предметів. Кожний відсік має об’єм 32.
Participants :	Учасники:
Entry Fee :	Вступний внесок:
Start Registration	Почати реєстрацію
Tournament Hosting	Проведення турніру
Setup	Налаштування
Top 8	Топ-8
3rd	3rd
1st	1st
Prizes Worth	Вартість призів
REGISTER NOW	ЗАРЕЄСТРУВАТИСЯ
XXX Players	XXX гравців
Tournament	Турнір
Tournament will start the next day once it's full	Коли всі місця буде зайнято, турнір почнеться наступного дня
Prize Setup	Налаштування призів
Not enough item in inventory	Недостатньо предметів в інвентарі
Need 5 of the same item	Потрібно 5 однакових предметів
Registered	Зареєстровано
Full	Місць немає
Tournament Prize Shelf	Полиця з призами турніру
Where's my prize?	Де мій приз?
I can't find my prize anywhere.	Я ніде не можу знайти свій приз.
There's no prize on the shelf?	На полиці немає призу?
I won't leave until I get my prizes!	Я не піду, доки не отримаю свої призи!
Where's the Tournament Prize Shelf?	Де полиця з призами турніру?
I can't the Tournament Prize Shelf.	Я не можу знайти полицю з призами турніру.
I can't find the Tournament Prize Shelf.	Я не можу знайти полицю з призами турніру.
There's no prize for winning?	За перемогу немає призу?
Sad, you get nothing for winning.	Сумно. За перемогу нічого не дають.
What am I playing for? There's no reward.	Заради чого я взагалі граю? Нагороди немає.
Not even a card pack as reward?	Навіть набору карток як нагороди немає?
You get NOTHING!!	Не отримаєш НІЧОГО!!
Lose	Поразка
Draw	Нічия
Round XXX	Раунд XXX
Match Win	Перемога в матчі
Game Points	Ігрові очки
OMW	OMW
OOMW	OOMW
XXXth	XXX-те
Press to start next day	Натисніть, щоб почати наступний день
Tournament Prize Shelf required	Потрібна полиця з призами турніру
Need to setup prizes first	Спочатку потрібно налаштувати призи
Camera	Камера
Zoom In	Наблизити
Zoom Out	Віддалити
Roll Left	Нахилити ліворуч
Roll Right	Нахилити праворуч
Grid	Сітка
Take Photo	Зробити фото
Photo Gallery	Фотогалерея
Gallery	Галерея
No Photo	Немає фото
Shop Level Up	Підвищення рівня магазину
Shop Leveled Up	Рівень магазину підвищено
New Room Available	Доступне нове приміщення
New Worker Available	Доступний новий працівник
New Shop Expansion Available	Доступне нове розширення магазину
Limited Time Plushies!	Плюшеві іграшки — лише обмежений час!
