sku,crm_present,crm_active,three_dp_status,printed,defect,three_dp_sold,bonus,three_dp_available,crm_qualifying_sales,crm_balance,availability_minus_crm,crm_action,issues
ACC-3D-CHARZ-800,yes,Так,Активний,0,0,0,0,0,0,0,0,Не просувати,
ACC-3D-DITTO-410,yes,Так,Активний,1,0,0,0,1,0,0,1,Не просувати,availability_diff
ACC-3D-DITTO-420,yes,Ні,Активний,0,0,0,0,0,0,0,0,Ігнор,status_mismatch
ACC-3D-DITTO-430,yes,Ні,Архів,0,0,0,0,0,0,0,0,Ігнор,
ACC-3D-LUFFY-500,yes,Ні,Архів,0,0,0,0,0,0,0,0,Ігнор,
ACC-3D-OP-500,yes,Так,Активний,0,0,0,0,0,0,0,0,Не просувати,
ACC-3D-OP-600,yes,Так,Активний,1,0,0,0,1,0,0,1,Не просувати,availability_diff
ACC-3D-OPFRT-500,yes,Ні,Архів,0,0,0,0,0,0,0,0,Ігнор,
ACC-3D-PKBL-400,yes,Так,Активний,0,0,0,0,0,0,0,0,Не просувати,
ACC-3D-PKBL-401,yes,Так,Активний,0,0,0,0,0,0,0,0,Не просувати,
ACC-3D-PKBL-800,yes,Так,Активний,1,0,0,0,1,0,0,1,Не просувати,availability_diff
ACC-3D-PKBL-810,yes,Так,Активний,0,0,0,0,0,0,0,0,Не просувати,
ACC-3D-PKM-110,yes,Так,Активний,4,0,1,1,2,1,-1,3,Докупити,availability_diff
ACC-3D-PKM-120,yes,Так,Активний,3,0,0,1,2,0,0,2,Не просувати,availability_diff
ACC-3D-PKM-130,yes,Так,Активний,3,0,0,0,3,0,0,3,Не просувати,availability_diff
ACC-3D-PKM-150,yes,Ні,Архів,0,0,0,0,0,0,0,0,Ігнор,
ACC-3D-PKM-200,yes,Так,Активний,5,0,3,0,2,3,-3,5,Докупити,availability_diff
ACC-3D-PKM-201,yes,Так,Активний,0,0,0,0,0,0,0,0,Не просувати,
ACC-3D-PKM-202,yes,Так,Активний,0,0,0,0,0,0,0,0,Не просувати,
ACC-3D-PKM-300,yes,Так,Активний,0,0,0,0,0,0,0,0,Не просувати,
ACC-3D-PKM-600,yes,Так,Активний,1,0,0,0,1,0,0,1,Не просувати,availability_diff
ACC-3D-PKM-610,yes,Так,Активний,0,0,0,0,0,0,0,0,Не просувати,
ACC-3D-PKM-700,yes,Ні,Архів,0,0,0,0,0,0,0,0,Ігнор,
ACC-3D-PKM-710,yes,Ні,Архів,0,0,0,0,0,0,0,0,Ігнор,
ACC-3D-PKM-711,yes,Ні,Архів,0,0,0,0,0,0,0,0,Ігнор,
ACC-3D-PKM-712,yes,Ні,Архів,0,0,0,0,0,0,0,0,Ігнор,
ACC-3D-PKM-800,yes,Так,Активний,0,0,0,0,0,0,0,0,Не просувати,
ACC-3D-TCG-600,no,,Активний,,,,,,,,,,missing_crm;missing_3dp_availability
BR-BULB-100,yes,Так,Активний,1,0,0,0,1,0,0,1,Не просувати,availability_diff
BR-CHARM-100,yes,Так,Активний,36,0,1,0,35,1,-1,36,Докупити,availability_diff
BR-CHARM-200,yes,Так,Активний,1,0,0,0,1,0,0,1,Не просувати,availability_diff
BR-DITTO-400,yes,Так,Активний,1,0,0,0,1,1,-1,2,Докупити,availability_diff;sale_count_gap
BR-MEW-100,yes,Так,Активний,1,0,0,0,1,0,0,1,Не просувати,availability_diff
BR-OP-100,yes,Так,Активний,0,0,0,0,0,0,0,0,Не просувати,
BR-OPFRT-100,yes,Так,Активний,0,0,0,0,0,0,0,0,Не просувати,
BR-OPMUS-100,yes,Так,Активний,0,0,0,0,0,0,0,0,Не просувати,
BR-OPSHP-100,yes,Так,Активний,0,0,0,0,0,0,0,0,Не просувати,
BR-OPSKL-100,yes,Так,Активний,1,0,0,0,1,0,0,1,Не просувати,availability_diff
BR-OPSTR-100,yes,Так,Активний,1,0,0,0,1,0,0,1,Не просувати,availability_diff
BR-PIKA-100,yes,Так,Активний,0,0,0,0,0,0,0,0,Не просувати,
BR-PKBL-200,yes,Так,Активний,2,0,0,0,2,0,0,2,Не просувати,availability_diff
BR-SQUIR-100,yes,Так,Активний,1,0,0,0,1,0,0,1,Не просувати,availability_diff
BR-UMBRE-100,yes,Так,Активний,1,0,0,0,1,0,0,1,Не просувати,availability_diff
BR-UMBRE-110,yes,Так,Активний,0,0,0,0,0,0,0,0,Не просувати,
BR-UMBRE-120,yes,Так,Активний,0,0,0,0,0,0,0,0,Не просувати,
FIG-CHARZ-200,yes,Так,Активний,1,0,0,0,1,0,0,1,Не просувати,availability_diff
FIG-GENG-300,yes,Так,Активний,0,0,0,0,0,0,0,0,Не просувати,
FIG-GEOD-500,yes,Так,Активний,0,0,0,0,0,0,0,0,Не просувати,
FIG-GEOD-501,yes,Так,Активний,0,0,0,0,0,0,0,0,Не просувати,
FIG-GEOD-510,yes,Так,Активний,4,0,0,1,3,0,0,3,Не просувати,availability_diff
FIG-GEOD-511,yes,Так,Активний,0,0,0,0,0,0,0,0,Не просувати,
FIG-HNTR-200,yes,Так,Активний,0,0,0,0,0,0,0,0,Не просувати,
FIG-HNTR-210,yes,Так,Активний,0,0,0,0,0,0,0,0,Не просувати,
FIG-JIGGL-300,yes,Так,Активний,2,0,0,0,2,0,0,2,Не просувати,availability_diff
FIG-LUFFY-400,yes,Так,Активний,0,0,0,0,0,0,0,0,Не просувати,
FIG-LUFFY-410,yes,Так,Активний,0,0,0,0,0,0,0,0,Не просувати,
FIG-LUFFY-411,yes,Так,Активний,0,0,0,0,0,0,0,0,Не просувати,
FIG-LUFFY-500,yes,Так,Активний,0,0,0,0,0,0,0,0,Не просувати,
FIG-MAGIK-300,yes,Ні,Архів,0,0,0,0,0,0,0,0,Ігнор,
FIG-MEW-100,yes,Так,Активний,1,0,0,0,1,0,0,1,Не просувати,availability_diff
FIG-MEW-300,yes,Так,Активний,1,0,0,0,1,0,0,1,Не просувати,availability_diff
FIG-NAMI-200,yes,Так,Активний,1,0,0,0,1,0,0,1,Не просувати,availability_diff
FIG-NAMI-201,yes,Так,Активний,0,0,0,0,0,0,0,0,Не просувати,
FIG-ONIX-200,yes,Так,Активний,1,0,0,0,1,0,0,1,Не просувати,availability_diff
FIG-ONIX-201-GREY,yes,Ні,Архів,,,,,,0,0,,Ігнор,missing_3dp_availability
FIG-ONIX-500,yes,Так,Активний,2,0,1,0,1,1,-1,2,Докупити,availability_diff
FIG-ONIX-501,yes,Так,Активний,0,0,0,0,0,0,0,0,Не просувати,
FIG-OP-410,yes,Так,Активний,0,0,0,0,0,0,0,0,Не просувати,
FIG-OPSKL-600,yes,Так,Активний,0,0,0,0,0,0,0,0,Не просувати,
FIG-PIKA-300,yes,Так,Активний,0,0,0,0,0,0,0,0,Не просувати,
FIG-PKBL-600,yes,Так,Активний,0,0,0,0,0,0,0,0,Не просувати,
FIG-SQUIR-300,yes,Так,Активний,0,0,0,0,0,0,0,0,Не просувати,
FIG-UMBRE-300,yes,Так,Активний,1,0,0,0,1,0,0,1,Не просувати,availability_diff
FIG-ZORO-410,yes,Так,Активний,0,0,0,0,0,0,0,0,Не просувати,
