sku,printed,defect,three_dp_sold,bonus,three_dp_available,crm_purchased,crm_sold,crm_written,crm_balance,difference,match
BR-CHARM-100,36,0,1,0,35,0,1,0,-1,36,no
BR-BULB-100,1,0,0,0,1,0,0,0,0,1,no
BR-SQUIR-100,1,0,0,0,1,0,0,0,0,1,no
BR-MEW-100,1,0,0,0,1,0,0,0,0,1,no
BR-PIKA-100,0,0,0,0,0,0,0,0,0,0,yes
BR-UMBRE-100,1,0,0,0,1,0,0,0,0,1,no
BR-UMBRE-110,0,0,0,0,0,0,0,0,0,0,yes
BR-UMBRE-120,0,0,0,0,0,0,0,0,0,0,yes
BR-CHARM-200,1,0,0,0,1,0,0,0,0,1,no
BR-OPMUS-100,0,0,0,0,0,0,0,0,0,0,yes
BR-OPSTR-100,1,0,0,0,1,0,0,0,0,1,no
BR-OPFRT-100,0,0,0,0,0,0,0,0,0,0,yes
BR-OP-100,0,0,0,0,0,0,0,0,0,0,yes
BR-OPSHP-100,0,0,0,0,0,0,0,0,0,0,yes
BR-OPSKL-100,1,0,0,0,1,0,0,0,0,1,no
BR-DITTO-400,1,0,0,0,1,0,1,0,-1,2,no
BR-PKBL-200,2,0,0,0,2,0,0,0,0,2,no
ACC-3D-PKM-110,4,0,1,1,2,0,1,0,-1,3,no
ACC-3D-PKM-120,3,0,0,0,3,0,0,0,0,3,no
ACC-3D-PKM-130,3,0,0,0,3,0,0,0,0,3,no
ACC-3D-PKM-200,0,0,0,0,0,0,0,0,0,0,yes
ACC-3D-PKM-201,0,0,0,0,0,0,0,0,0,0,yes
ACC-3D-PKM-202,0,0,0,0,0,0,0,0,0,0,yes
ACC-3D-PKM-300,0,0,0,0,0,0,0,0,0,0,yes
ACC-3D-PKM-700,0,0,0,0,0,0,0,0,0,0,yes
ACC-3D-PKM-710,0,0,0,0,0,0,0,0,0,0,yes
ACC-3D-PKM-711,0,0,0,0,0,0,0,0,0,0,yes
ACC-3D-PKM-712,0,0,0,0,0,0,0,0,0,0,yes
ACC-3D-PKM-800,0,0,0,0,0,0,0,0,0,0,yes
ACC-3D-PKM-610,0,0,0,0,0,0,0,0,0,0,yes
ACC-3D-PKM-150,0,0,0,0,0,0,0,0,0,0,yes
FIG-ONIX-200,1,0,0,0,1,0,0,0,0,1,no
FIG-ONIX-500,1,0,1,0,0,0,1,0,-1,1,no
FIG-ONIX-501,0,0,0,0,0,0,0,0,0,0,yes
FIG-GEOD-500,0,0,0,0,0,0,0,0,0,0,yes
FIG-GEOD-501,0,0,0,0,0,0,0,0,0,0,yes
FIG-GEOD-510,4,0,0,0,4,0,0,0,0,4,no
FIG-GEOD-511,0,0,0,0,0,0,0,0,0,0,yes
FIG-LUFFY-500,0,0,0,0,0,0,0,0,0,0,yes
FIG-LUFFY-400,0,0,0,0,0,0,0,0,0,0,yes
FIG-LUFFY-410,0,0,0,0,0,0,0,0,0,0,yes
FIG-HNTR-200,0,0,0,0,0,0,0,0,0,0,yes
FIG-HNTR-210,0,0,0,0,0,0,0,0,0,0,yes
FIG-MEW-100,1,0,0,0,1,0,0,0,0,1,no
FIG-CHARZ-200,1,0,0,0,1,0,0,0,0,1,no
FIG-ZORO-410,0,0,0,0,0,0,0,0,0,0,yes
FIG-LUFFY-411,0,0,0,0,0,0,0,0,0,0,yes
FIG-OPSKL-600,0,0,0,0,0,0,0,0,0,0,yes
FIG-OP-410,0,0,0,0,0,0,0,0,0,0,yes
FIG-NAMI-200,1,0,0,0,1,0,0,0,0,1,no
FIG-NAMI-201,0,0,0,0,0,0,0,0,0,0,yes
FIG-PKBL-600,0,0,0,0,0,0,0,0,0,0,yes
FIG-JIGGL-300,2,0,0,0,2,0,0,0,0,2,no
FIG-MEW-300,1,0,0,0,1,0,0,0,0,1,no
FIG-UMBRE-300,1,0,0,0,1,0,0,0,0,1,no
FIG-GENG-300,0,0,0,0,0,0,0,0,0,0,yes
FIG-MAGIK-300,0,0,0,0,0,0,0,0,0,0,yes
FIG-PIKA-300,0,0,0,0,0,0,0,0,0,0,yes
FIG-SQUIR-300,0,0,0,0,0,0,0,0,0,0,yes
ACC-3D-OP-600,1,0,0,0,1,0,0,0,0,1,no
ACC-3D-DITTO-410,1,0,0,0,1,0,0,0,0,1,no
ACC-3D-DITTO-430,0,0,0,0,0,0,0,0,0,0,yes
ACC-3D-DITTO-420,0,0,0,0,0,0,0,0,0,0,yes
ACC-3D-OP-500,0,0,0,0,0,0,0,0,0,0,yes
ACC-3D-LUFFY-500,0,0,0,0,0,0,0,0,0,0,yes
ACC-3D-OPFRT-500,0,0,0,0,0,0,0,0,0,0,yes
ACC-3D-PKM-600,1,0,0,0,1,0,0,0,0,1,no
ACC-3D-PKBL-400,0,0,0,0,0,0,0,0,0,0,yes
ACC-3D-PKBL-401,0,0,0,0,0,0,0,0,0,0,yes
ACC-3D-CHARZ-800,0,0,0,0,0,0,0,0,0,0,yes
ACC-3D-PKBL-810,0,0,0,0,0,0,0,0,0,0,yes
ACC-3D-PKBL-800,1,0,0,0,1,0,0,0,0,1,no
