row,sku
99,OP-JP-OP17-BBX
100,PKM-JP-BBLT-BBX
101,PKM-JP-WFLR-BBX
102,OP-JP-OP13-BBX
104,YGO-JP-BPRO-BST
105,BR-UMBRE-120
106,BR-CHARM-200
107,BR-OPMUS-100
108,BR-OPSTR-100
109,BR-OPFRT-100
110,BR-OP-100
111,BR-OPSHP-100
112,BR-OPSKL-100
113,BR-DITTO-400
114,BR-PKBL-200
115,ACC-3D-PKM-110
116,ACC-3D-PKM-120
117,ACC-3D-PKM-130
118,ACC-3D-PKM-200
119,ACC-3D-PKM-201
120,ACC-3D-PKM-202
121,ACC-3D-PKM-300
122,ACC-3D-PKM-700
123,ACC-3D-PKM-710
124,ACC-3D-PKM-711
125,ACC-3D-PKM-712
126,ACC-3D-PKM-800
127,ACC-3D-PKM-610
128,ACC-3D-PKM-150
129,FIG-ONIX-200
130,FIG-ONIX-500
131,FIG-ONIX-501
132,FIG-GEOD-500
133,FIG-GEOD-501
134,FIG-GEOD-510
135,FIG-GEOD-511
136,FIG-LUFFY-500
137,FIG-LUFFY-400
138,FIG-LUFFY-410
139,FIG-HNTR-200
140,FIG-HNTR-210
141,FIG-MEW-100
142,FIG-CHARZ-200
143,FIG-ZORO-410
144,FIG-LUFFY-411
145,FIG-OPSKL-600
146,FIG-OP-410
147,FIG-NAMI-200
148,FIG-NAMI-201
149,FIG-PKBL-600
150,FIG-JIGGL-300
151,FIG-MEW-300
152,FIG-UMBRE-300
153,FIG-GENG-300
154,FIG-MAGIK-300
155,FIG-PIKA-300
156,FIG-SQUIR-300
157,ACC-3D-OP-600
158,ACC-3D-DITTO-410
159,ACC-3D-DITTO-430
160,ACC-3D-DITTO-420
161,ACC-3D-OP-500
162,ACC-3D-LUFFY-500
163,ACC-3D-OPFRT-500
164,ACC-3D-PKM-600
165,ACC-3D-PKBL-400
166,ACC-3D-PKBL-401
167,ACC-3D-CHARZ-800
168,ACC-3D-PKBL-810
169,ACC-3D-PKBL-800
170,PKM-JP-GLVS-SET
171,PKM-JP-LFVS-SET
172,DM-JP-DM24RP3-BST
173,DM-JP-DM24RP3-BBX
174,OP-JP-OP09-BST
175,OP-JP-OP09-BBX
176,OP-JP-EB02-BST
177,PKM-JP-EXSD-STD-GRS
178,PKM-JP-EXSD-STD-FIR
179,PKM-JP-EXSD-STD-WTR
180,PKM-JP-EXSD-STD-LTG
181,PKM-JP-EXSD-STD-PSY
182,PKM-JP-EXSD-STD-FGT
183,PKM-JP-EXSD-STD-DRK
184,PKM-JP-EXSD-STD-MTL
185,PKM-JP-EXSD-STD-RND
186,OP-JP-OP06-RPK
187,OP-JP-EB01-RPK
188,OP-JP-OP05-RPK
189,OP-JP-OP01-RPK
190,FIG-ONIX-201-GREY
191,ACC-007-360-BLCK
192,ACC-001-BPEN
